{
  "auc": 0.9500786163522013,
  "report": {
    "0": {
      "precision": 0.9017857142857143,
      "recall": 0.9528301886792453,
      "f1-score": 0.926605504587156,
      "support": 106.0
    },
    "1": {
      "precision": 0.8809523809523809,
      "recall": 0.7708333333333334,
      "f1-score": 0.8222222222222222,
      "support": 48.0
    },
    "accuracy": 0.8961038961038961,
    "macro avg": {
      "precision": 0.8913690476190477,
      "recall": 0.8618317610062893,
      "f1-score": 0.8744138634046891,
      "support": 154.0
    },
    "weighted avg": {
      "precision": 0.8952922077922078,
      "recall": 0.8961038961038961,
      "f1-score": 0.8940704555383455,
      "support": 154.0
    }
  },
  "class_weight": [
    0.7321063394683026,
    1.577092511013216
  ],
  "sizes": {
    "train": 716,
    "val": 154,
    "test": 154
  }
}