{
  "pair_sizes": {
    "total": 360,
    "class0": 207,
    "class1": 153
  },
  "weighted_fusion": {
    "grid": [
      0.0,
      0.05,
      0.1,
      0.15000000000000002,
      0.2,
      0.25,
      0.30000000000000004,
      0.35000000000000003,
      0.4,
      0.45,
      0.5,
      0.55,
      0.6000000000000001,
      0.65,
      0.7000000000000001,
      0.75,
      0.8,
      0.8500000000000001,
      0.9,
      0.9500000000000001,
      1.0
    ],
    "best_alpha": 0.45,
    "best_auc": 1.0,
    "best_f1": 1.0
  },
  "stacking": {
    "auc": 1.0,
    "report": {
      "0": {
        "precision": 1.0,
        "recall": 1.0,
        "f1-score": 1.0,
        "support": 62.0
      },
      "1": {
        "precision": 1.0,
        "recall": 1.0,
        "f1-score": 1.0,
        "support": 46.0
      },
      "accuracy": 1.0,
      "macro avg": {
        "precision": 1.0,
        "recall": 1.0,
        "f1-score": 1.0,
        "support": 108.0
      },
      "weighted avg": {
        "precision": 1.0,
        "recall": 1.0,
        "f1-score": 1.0,
        "support": 108.0
      }
    },
    "confusion_matrix": [
      [
        62,
        0
      ],
      [
        0,
        46
      ]
    ]
  }
}