{
  "auc": 1.0,
  "report": {
    "0": {
      "precision": 0.9951923076923077,
      "recall": 1.0,
      "f1-score": 0.9975903614457832,
      "support": 207.0
    },
    "1": {
      "precision": 1.0,
      "recall": 0.9934640522875817,
      "f1-score": 0.9967213114754099,
      "support": 153.0
    },
    "accuracy": 0.9972222222222222,
    "macro avg": {
      "precision": 0.9975961538461539,
      "recall": 0.9967320261437909,
      "f1-score": 0.9971558364605966,
      "support": 360.0
    },
    "weighted avg": {
      "precision": 0.9972355769230771,
      "recall": 0.9972222222222222,
      "f1-score": 0.9972210152083746,
      "support": 360.0
    }
  },
  "threshold": 0.5
}