Experiment,Accuracy,F1,AUROC
Exp1 Vision,0.8961038961038961,0.8940704555383455,0.9500786163522013
Exp2 Sensors,0.999537037037037,0.9995370476806618,0.9999999999999999
Exp2b Fusion (stacking),,1.0,1.0
