{
  "auc": 0.9999999999999999,
  "report": {
    "0": {
      "precision": 1.0,
      "recall": 0.9991181657848325,
      "f1-score": 0.9995588883987648,
      "support": 1134.0
    },
    "1": {
      "precision": 0.9990262901655307,
      "recall": 1.0,
      "f1-score": 0.9995129079396006,
      "support": 1026.0
    },
    "accuracy": 0.999537037037037,
    "macro avg": {
      "precision": 0.9995131450827653,
      "recall": 0.9995590828924162,
      "f1-score": 0.9995358981691826,
      "support": 2160.0
    },
    "weighted avg": {
      "precision": 0.9995374878286271,
      "recall": 0.999537037037037,
      "f1-score": 0.9995370476806618,
      "support": 2160.0
    }
  },
  "sizes": {
    "train": 10080,
    "val": 2160,
    "test": 2160
  }
}